[
  {
    "name": "Astro",
    "image": "img/logos/astro-icon-light-gradient.svg",
    "href": "https://astro.build/"
  },
  {
    "name": "Bootstrap",
    "image": "img/logos/bootstrap.svg",
    "href": "https://getbootstrap.com/docs/5.2/getting-started/introduction/"
  },
  {
    "name": "Material UI",
    "image": "img/logos/material-ui.svg",
    "href": "https://material-ui.com/"
  },
  {
    "name": "Babel",
    "image": "img/logos/babel.jpg",
    "href": "https://babeljs.io/docs/en/"
  },
  {
    "name": "TypeScript",
    "image": "img/logos/typescriptlang.svg",
    "href": "https://www.typescriptlang.org/"
  },
  {
    "name": "Tailwind",
    "image": "img/logos/tailwindcss.svg",
    "href": "https://tailwindcss.com/docs/installation/"
  },
  {
    "name": "Laravel",
    "image": "img/logos/laravel.svg",
    "href": "https://laravel.com/docs/master"
  },
  {
    "name": "Docusaurus",
    "image": "img/logos/docusaurus.svg",
    "href": "https://docusaurus.io/"
  },
  {
    "name": "Testing Library",
    "image": "img/logos/testing-library.png",
    "href": "https://testing-library.com/"
  },
  {
    "name": "Homebrew",
    "image": "img/logos/homebrew.png",
    "href": "https://brew.sh/"
  },
  {
    "name": "Vue.js",
    "image": "img/logos/vue.svg",
    "href": "https://v3.vuejs.org/"
  },
  {
    "name": "Discord",
    "image": "img/logos/discord.svg",
    "href": "https://discord.com/developers/docs/intro"
  },
  {
    "name": "React",
    "image": "img/logos/react.jpg",
    "href": "https://react.dev/"
  },
  {
    "name": "BootstrapVue",
    "image": "img/logos/bootstrap-vue.svg",
    "href": "https://bootstrap-vue.org/docs"
  },
  {
    "name": "Moment.js",
    "image": "img/logos/momentjs.svg",
    "href": "https://momentjs.com/docs/"
  },
  {
    "name": "React Native",
    "image": "img/logos/react-native.svg",
    "href": "https://reactnative.dev/docs/getting-started"
  },
  {
    "name": "React Navigation",
    "image": "img/logos/reactnavigation.svg",
    "href": "https://reactnavigation.org/"
  },
  {
    "name": "Scala",
    "image": "img/logos/scala.svg",
    "href": "https://docs.scala-lang.org/"
  },
  {
    "name": "Home Assistant",
    "image": "img/logos/home-assistant.svg",
    "href": "http://home-assistant.io/"
  },
  {
    "name": "NestJS",
    "image": "img/logos/nestjs.png",
    "href": "https://docs.nestjs.com/"
  },
  {
    "name": "Twilio",
    "image": "img/logos/twilio.png",
    "href": "https://www.twilio.com/docs"
  },
  {
    "name": "webpack",
    "image": "img/logos/webpack.svg",
    "href": "https://webpack.js.org/concepts/"
  },
  {
    "name": "Gatsby",
    "image": "img/logos/gatsby.png",
    "href": "https://www.gatsbyjs.org/docs/"
  },
  {
    "name": "Jest",
    "image": "img/logos/jest.png",
    "href": "https://jestjs.io/"
  },
  {
    "name": "Nuxt.js",
    "image": "img/logos/nuxtjs.svg",
    "href": "https://nuxtjs.org/"
  },
  {
    "name": "Expo",
    "image": "img/logos/expo.ico",
    "href": "https://docs.expo.dev/"
  },
  {
    "name": "Gradle",
    "image": "img/logos/gradle.png",
    "href": "https://docs.gradle.org/current/userguide/userguide.html"
  },
  {
    "name": "expressjs",
    "image": "img/logos/express.png",
    "href": "https://expressjs.com/"
  },
  {
    "name": "vue-router",
    "image": "img/logos/vue.svg",
    "href": "https://router.vuejs.org/"
  },
  {
    "name": "socket.io",
    "image": "img/logos/socketio.svg",
    "href": "https://socket.io/"
  },
  {
    "name": "ESLint",
    "image": "img/logos/eslint.svg",
    "href": "https://eslint.org/"
  },
  {
    "name": "Redux",
    "image": "img/logos/redux.svg",
    "href": "https://redux.js.org/"
  },
  {
    "name": "Sass",
    "image": "img/logos/sass.png",
    "href": "https://sass-lang.com/"
  },
  {
    "name": "Jekyll",
    "image": "img/logos/jekyll.png",
    "href": "https://jekyllrb.com/"
  },
  {
    "name": "GNS3",
    "image": "img/logos/gns3.png",
    "href": "https://docs.gns3.com/"
  },
  {
    "name": "React Bootstrap",
    "image": "img/logos/react-bootstrap.svg",
    "href": "https://react-bootstrap.github.io/"
  },
  {
    "name": "styled components",
    "image": "img/logos/styled-components.png",
    "href": "https://styled-components.com/docs"
  },
  {
    "name": "Vue CLI",
    "image": "img/logos/vue.svg",
    "href": "https://cli.vuejs.org/"
  },
  {
    "name": "Prismic",
    "image": "img/logos/prismic.png",
    "href": "https://prismic.io/docs"
  },
  {
    "name": "Formik",
    "image": "img/logos/formik.png",
    "href": "https://formik.org/docs/overview"
  },
  {
    "name": "Vite",
    "image": "img/logos/vite.svg",
    "href": "https://vitejs.dev/"
  },
  {
    "name": "Markdoc",
    "image": "img/logos/markdoc.svg",
    "href": "https://markdoc.io/"
  },
  {
    "name": "Remix",
    "image": "img/logos/remix.svg",
    "href": "https://remix.run/docs"
  },
  {
    "name": "Flowbite",
    "image": "img/logos/flowbite.svg",
    "href": "https://flowbite.com/docs/getting-started/introduction/"
  },
  {
    "name": "Fylgja",
    "image": "img/logos/fylgja.svg",
    "href": "https://fylgja.dev/"
  },
  {
    "name": "React-admin",
    "image": "img/logos/react-admin.svg",
    "href": "https://marmelab.com/react-admin/"
  },
  {
    "name": "ScalarDB",
    "image": "img/logos/scalar.svg",
    "href": "https://scalardb.scalar-labs.com/docs/"
  },
  {
    "name": "ScalarDL",
    "image": "img/logos/scalar.svg",
    "href": "https://scalardl.scalar-labs.com/docs/"
  }
]
