{
	"index_name": "development_docs",
	"start_urls": ["https://24fe-92-28-230-172.eu.ngrok.io/primitives/docs"],
	"stop_urls": [
		"https://24fe-92-28-230-172.eu.ngrok.io/primitives/docs/overview/releases"
	],
	"selectors": {
		"lvl0": {
			"selector": "[data-algolia-lvl0]",
			"global": true
		},
		"lvl1": "[data-algolia-page-scope] h1",
		"lvl2": "[data-algolia-page-scope] h2",
		"lvl3": "[data-algolia-page-scope] h3",
		"lvl4": "[data-algolia-page-scope] h4",
		"text": "[data-algolia-page-scope] p, [data-algolia-page-scope] li"
	},
	"min_indexed_level": 1,
	"selectors_exclude": ["[data-algolia-exclude]"],
	"scrape_start_urls": false
}
