{
  "meta": [
    {
      "name": "Facebook",
      "icon": "facebook.webp",
      "linkAppStore": "https://apps.apple.com/app/facebook/id284882215",
      "linkPlayStore": "https://play.google.com/store/apps/details?id=com.facebook.katana",
      "linkMetaQuest": "https://www.meta.com/experiences/facebook/7495711360547796/",
      "pinned": true
    },
    {
      "name": "Instagram",
      "icon": "instagram.png",
      "linkMetaQuest": "https://www.meta.com/experiences/instagram/6894135610696226/",
      "infoLink": "https://engineering.fb.com/2024/10/02/android/react-at-meta-connect-2024/"
    },
    {
      "name": "Facebook Ads Manager",
      "icon": "adsmanager.png",
      "linkAppStore": "https://apps.apple.com/us/app/facebook-ads-manager/id964397083",
      "linkPlayStore": "https://play.google.com/store/apps/details?id=com.facebook.adsmanager"
    },
    {
      "name": "Meta Horizon",
      "icon": "metahorizon.webp",
      "linkAppStore": "https://apps.apple.com/us/app/oculus/id1366478176",
      "linkPlayStore": "https://play.google.com/store/apps/details?id=com.oculus.twilight&hl=en_US",
      "pinned": true
    },
    {
      "name": "Messenger Desktop",
      "icon": "messengerdesktop.png",
      "linkDesktop": "https://www.messenger.com/desktop",
      "infoLink": "https://developers.facebook.com/blog/post/2023/05/17/messenger-desktop-faster-and-smaller-by-moving-to-react-native-from-electron/",
      "pinned": true
    }
  ],
  "microsoft": [
    {
      "name": "Microsoft Office",
      "icon": "officemobile.png",
      "linkAppStore": "https://apps.apple.com/gb/app/microsoft-office/id541164041",
      "linkPlayStore": "https://play.google.com/store/apps/details?id=com.microsoft.office.officehubrow",
      "infoLink": "https://devblogs.microsoft.com/react-native/",
      "pinned": true
    },
    {
      "name": "Microsoft Outlook",
      "icon": "outlookmobile.png",
      "linkAppStore": "https://apps.apple.com/us/app/microsoft-outlook/id951937596",
      "linkPlayStore": "https://play.google.com/store/apps/details?id=com.microsoft.office.outlook",
      "infoLink": "https://devblogs.microsoft.com/react-native/",
      "pinned": true
    },
    {
      "name": "Microsoft Teams",
      "icon": "teamsmobile.png",
      "linkAppStore": "https://apps.apple.com/gb/app/microsoft-teams/id1113153706",
      "linkPlayStore": "https://play.google.com/store/apps/details?id=com.microsoft.teams",
      "infoLink": "https://devblogs.microsoft.com/react-native/",
      "pinned": true
    },
    {
      "name": "Xbox Game Pass",
      "icon": "xboxgamepass.png",
      "linkAppStore": "https://apps.apple.com/gb/app/xbox-game-pass/id1374542474",
      "linkPlayStore": "https://play.google.com/store/apps/details?id=com.gamepass",
      "infoLink": "https://devblogs.microsoft.com/react-native/",
      "pinned": true
    },
    {
      "name": "Skype",
      "icon": "skype.webp",
      "linkAppStore": "https://apps.apple.com/us/app/skype-for-iphone/id304878510",
      "linkPlayStore": "https://play.google.com/store/apps/details?id=com.skype.raider",
      "infoLink": "https://devblogs.microsoft.com/react-native/",
      "pinned": true
    }
  ],
  "amazon": [
    {
      "name": "Amazon Shopping",
      "icon": "amazon-shopping.png",
      "linkAppStore": "https://apps.apple.com/us/app/amazon-shopping/id297606951",
      "linkPlayStore": "https://play.google.com/store/apps/details?id=com.amazon.mShop.android.shopping"
    },
    {
      "name": "Amazon Alexa",
      "icon": "amazon-alexa.webp",
      "linkAppStore": "https://apps.apple.com/us/app/amazon-alexa/id944011620",
      "linkPlayStore": "https://play.google.com/store/apps/details?id=com.amazon.dee.app&hl=en_US&gl=US"
    },
    {
      "name": "Amazon Photos",
      "icon": "amazon-photos.webp",
      "linkAppStore": "https://apps.apple.com/us/app/amazon-photos-photo-video/id621574163",
      "linkPlayStore": "https://play.google.com/store/apps/details?id=com.amazon.clouddrive.photos&hl=en_US&gl=US "
    },
    {
      "name": "Amazon Kindle",
      "icon": "amazon-kindle.png",
      "infoLink": "https://www.amazon.com/b/?node=6669702011",
      "infoTitle": "Purpose-built for reading, Kindle e-readers let you take your stories wherever you go"
    },
    {
      "name": "Amazon Appstore",
      "icon": "amazon-appstore.png",
      "infoLink": "https://www.amazon.com/gp/mas/get/amazonapp",
      "infoTitle": "Amazon Appstore is an app store for Android devices, all Amazon Fire tablets, and Windows 11 devices"
    }
  ],
  "shopify": [
    {
      "name": "Shopify",
      "icon": "shopify.png",
      "linkAppStore": "https://apps.apple.com/us/app/shopify-your-ecommerce-store/id371294472",
      "linkPlayStore": "https://play.google.com/store/apps/details?id=com.shopify.mobile&hl=en_US&gl=US",
      "pinned": true
    },
    {
      "name": "Shop: All your favorite brands",
      "icon": "shop.webp",
      "linkAppStore": "https://apps.apple.com/ca/app/shop-package-order-tracker/id1223471316",
      "linkPlayStore": "https://play.google.com/store/apps/details?id=com.shopify.arrive&hl=en_US&gl=US",
      "pinned": true
    },
    {
      "name": "Shopify Inbox",
      "icon": "shopify-inbox.webp",
      "linkAppStore": "https://apps.apple.com/us/app/shopify-inbox/id1301681854",
      "linkPlayStore": "https://play.google.com/store/apps/details?id=com.shopify.ping&gl=US"
    },
    {
      "name": "Shopify Point of Sale",
      "icon": "pos.webp",
      "linkAppStore": "https://apps.apple.com/us/app/shopify-point-of-sale-pos/id686830644",
      "linkPlayStore": "https://play.google.com/store/apps/details?id=com.shopify.pos&gl=US"
    }
  ],
  "wix": [
    {
      "name": "Spaces: Follow Businesses",
      "icon": "spaces.webp",
      "linkAppStore": "https://itunes.apple.com/us/app/wix-com/id1099748482",
      "linkPlayStore": "https://play.google.com/store/apps/details?id=com.wix.android"
    },
    {
      "name": "Dine by Wix",
      "icon": "dine.webp",
      "linkAppStore": "https://apps.apple.com/us/app/dine-by-wix/id1561524113",
      "linkPlayStore": "https://play.google.com/store/apps/details?id=com.wix.restaurants"
    },
    {
      "name": "Fit by Wix",
      "icon": "fit.webp",
      "linkAppStore": "https://apps.apple.com/us/developer/wix-com-inc/id407141669",
      "linkPlayStore": "https://play.google.com/store/apps/details?id=com.wix.fitness"
    },
    {
      "name": "Wix Owner - Website Builder",
      "icon": "owner.webp",
      "linkAppStore": "https://apps.apple.com/us/app/wix-owner-website-builder/id1545924344",
      "linkPlayStore": "https://play.google.com/store/apps/details?id=com.wix.admin"
    }
  ],
  "others": [
    {
      "name": "Coinbase",
      "icon": "coinbase.png",
      "linkAppStore": "https://apps.apple.com/us/app/coinbase-buy-sell-bitcoin/id886427730",
      "linkPlayStore": "https://play.google.com/store/apps/details?id=com.coinbase.android",
      "infoLink": "https://blog.coinbase.com/optimizing-react-native-7e7bf7ac3a34",
      "infoTitle": "Onboarding thousands of users with React Native",
      "pinned": true
    },
    {
      "name": "PUMA",
      "icon": "puma.png",
      "linkAppStore": "https://apps.apple.com/us/app/puma/id1563024677",
      "linkPlayStore": "https://play.google.com/store/apps/details?id=com.puma.ecom.app",
      "infoLink": "https://formidable.com/work/puma-scaling-across-the-globe/",
      "pinned": true
    },
    {
      "name": "PlayStation App",
      "icon": "playstation.png",
      "linkAppStore": "https://apps.apple.com/gb/app/playstation-app/id410896080",
      "linkPlayStore": "https://play.google.com/store/apps/details?id=com.scee.psxandroid",
      "pinned": true
    },
    {
      "name": "OpenVPN Connect",
      "icon": "openvpn.png",
      "linkAppStore": "https://apps.apple.com/us/app/openvpn-connect/id590379981",
      "linkPlayStore": "https://play.google.com/store/apps/details?id=net.openvpn.openvpn"
    },
    {
      "name": "WordPress - Website Builder",
      "icon": "wordpress.png",
      "linkAppStore": "https://apps.apple.com/app/apple-store/id335703880",
      "linkPlayStore": "https://play.google.com/store/apps/details?id=org.wordpress.android",
      "infoLink": "https://github.com/wordpress-mobile/gutenberg-mobile",
      "infoTitle": "Learn more",
      "pinned": true
    },
    {
      "name": "Dave - Banking & Cash Advance",
      "icon": "dave.png",
      "linkAppStore": "https://apps.apple.com/US/app/id1193801909",
      "linkPlayStore": "https://play.google.com/store/apps/details?id=com.dave"
    },
    {
      "name": "Tableau",
      "icon": "tableau.webp",
      "linkAppStore": "https://apps.apple.com/us/app/tableau-mobile/id434633927",
      "linkPlayStore": "https://play.google.com/store/apps/details?id=com.Tableau.TableauApp&hl=en_US",
      "infoLink": "https://engineering.tableau.com/react-native-at-tableau-3-years-in-89d43c38354c",
      "infoTitle": "React Native at Tableau 3 Years in",
      "pinned": true
    },
    {
      "name": "FlipKart",
      "icon": "flipkart.png",
      "linkAppStore": "https://apps.apple.com/in/app/flipkart-online-shopping-app/id742044692",
      "linkPlayStore": "https://play.google.com/store/apps/details?id=com.flipkart.android&hl=en_US&gl=US",
      "infoLink": "https://blog.flipkart.tech/the-journey-of-react-native-flipkart-47dcd0c3d1c6",
      "infoTitle": "The Journey of React Native @ FlipKart",
      "pinned": true
    },
    {
      "name": "Mercari",
      "icon": "mercari.png",
      "linkAppStore": "https://apps.apple.com/us/app/mercari-your-marketplace/id896130944",
      "linkPlayStore": "https://play.google.com/store/apps/details?id=com.mercariapp.mercari",
      "infoLink": "https://medium.com/mercari-engineering/why-we-decided-to-rewrite-our-ios-android-apps-from-scratch-in-react-native-9f1737558299",
      "infoTitle": "Why we decided to rewrite our iOS & Android apps from scratch — in React Native",
      "pinned": true
    },
    {
      "name": "NerdWallet",
      "icon": "nerdwallet.png",
      "linkAppStore": "https://apps.apple.com/us/app/nerdwallet/id1174471607",
      "linkPlayStore": "https://play.google.com/store/apps/details?id=com.mobilecreditcards&hl=en_US",
      "infoLink": "https://www.nerdwallet.com/blog/engineering/beyond-the-browser-how-nerdwallet-went-native/",
      "infoTitle": "Beyond the Browser: How NerdWallet Went Native"
    },
    {
      "name": "Discord",
      "icon": "discord.png",
      "linkAppStore": "https://apps.apple.com/us/app/discord-chat-for-gamers/id985746746",
      "linkPlayStore": "https://play.google.com/store/apps/details?id=com.discord",
      "infoLink": "https://discord.com/blog/how-discord-achieves-native-ios-performance-with-react-native",
      "infoTitle": "How Discord achieves native iOS performance with React Native",
      "pinned": true
    },
    {
      "name": "Bloomberg",
      "icon": "bloomberg.png",
      "linkAppStore": "https://apps.apple.com/us/app/bloomberg/id281941097",
      "linkPlayStore": "https://play.google.com/store/apps/details?id=com.bloomberg.android.plus",
      "infoLink": "https://www.techatbloomberg.com/blog/bloomberg-used-react-native-develop-new-consumer-app/",
      "infoTitle": "How Bloomberg Used React Native to Develop its new Consumer App",
      "pinned": true
    },
    {
      "name": "Pinterest",
      "icon": "pinterest.webp",
      "linkAppStore": "https://apps.apple.com/us/app/pinterest/id429047995",
      "linkPlayStore": "https://play.google.com/store/apps/details?id=com.pinterest",
      "infoLink": "https://medium.com/@Pinterest_Engineering/supporting-react-native-at-pinterest-f8c2233f90e6",
      "infoTitle": "Supporting React Native at Pinterest",
      "pinned": true
    },
    {
      "name": "Tesla",
      "icon": "tesla.png",
      "linkAppStore": "https://apps.apple.com/us/app/tesla/id582007913",
      "linkPlayStore": "https://play.google.com/store/apps/details?id=com.teslamotors.tesla",
      "infoLink": "https://www.tesla.com/blog",
      "infoTitle": "Tesla Blog",
      "pinned": true
    },
    {
      "name": "Walmart Shopping & Grocery",
      "icon": "walmart.webp",
      "linkAppStore": "https://apps.apple.com/us/app/walmart-app-shopping-savings/id338137227",
      "linkPlayStore": "https://play.google.com/store/apps/details?id=com.walmart.android",
      "infoLink": " https://medium.com/walmartlabs/react-native-at-walmartlabs-cdd140589560#.ueonqqloc",
      "infoTitle": "React Native at Walmart Labs",
      "pinned": true
    },
    {
      "name": "Words with Friends 2",
      "icon": "words2.png",
      "linkAppStore": "https://apps.apple.com/app/words-with-friends-2-word-game/id1196764367",
      "linkPlayStore": "https://play.google.com/store/apps/details?id=com.zynga.words3&hl=en_US&gl=US",
      "infoLink": "https://medium.com/zynga-engineering/why-how-words-with-friends-is-adopting-react-native-b24a405f421c",
      "infoTitle": "Why & How Words With Friends Is Adopting React Native"
    },
    {
      "name": "Call of Duty Companion App",
      "icon": "callofduty_companion.png",
      "linkAppStore": "https://apps.apple.com/us/app/call-of-duty-companion-app/id1405837628",
      "linkPlayStore": "https://play.google.com/store/apps/details?id=com.activision.callofduty.companion",
      "infoLink": "https://www.callofduty.com/app",
      "infoTitle": ""
    },
    {
      "name": "Foreca",
      "icon": "foreca.png",
      "linkAppStore": "https://apps.apple.com/app/foreca-weather/id525994479",
      "linkPlayStore": "https://play.google.com/store/apps/details?id=com.foreca.android.weather",
      "infoLink": "https://corporate.foreca.com/en/news/how-to-make-a-global-weather-app-serving-both-ios-and-android-users",
      "infoTitle": "How to make a global weather app serving both iOS and Android users"
    },
    {
      "name": "LendMN",
      "icon": "lendmn.png",
      "linkAppStore": "https://apps.apple.com/mn/app/lendmn/id1167495761?ls=1",
      "linkPlayStore": "https://play.google.com/store/apps/details?id=com.lendmn.lendmn",
      "infoLink": "https://medium.com/@and.global/providing-financial-access-to-the-underbanked-through-react-native-a8473691d06",
      "infoTitle": "Providing financial access to the underbanked through React Native"
    },
    {
      "name": "Artsy",
      "icon": "artsy.png",
      "linkAppStore": "https://apps.apple.com/us/app/artsy-buy-and-sell-fine-art/id703796080",
      "linkPlayStore": "https://play.google.com/store/apps/details?id=net.artsy.app&hl=en&gl=US",
      "infoLink": "https://github.com/artsy/eigen",
      "infoTitle": "Artsy App (Eigen) on GitHub"
    },
    {
      "name": "Baidu Mobile (手机百度)",
      "icon": "baidu.png",
      "linkPlayStore": "https://play.google.com/store/apps/details?id=com.baidu.searchbox&hl=en&gl=US",
      "linkAppStore": "https://apps.apple.com/us/app/%E6%89%8B%E6%9C%BA%E7%99%BE%E5%BA%A6-%E7%99%BE%E5%BA%A6%E4%B8%80%E4%B8%8B%E4%BD%A0%E5%B0%B1%E5%BE%97%E5%88%B0/id382201985",
      "infoLink": "https://baike.baidu.com/link?url=TW8YhcVN4tO_Jz5VqMclCjGhf12EEqMD_TeVC6efe2REZlx80r6T0dX96hdmNl36XogLyExXzrvFU9rFeqxg_K",
      "infoTitle": "Baidu Mobile is a search engine used by over 600 million people in China"
    },
    {
      "name": "Delivery.com",
      "icon": "delivery.png",
      "linkAppStore": "https://apps.apple.com/us/app/delivery-com-food-alcohol/id435168129",
      "linkPlayStore": "https://play.google.com/store/apps/details?id=com.deliverycom",
      "infoLink": "https://medium.com/delivery-com-engineering/react-native-in-an-existing-ios-app-delivered-874ba95a3c52#.37qruw6ck",
      "infoTitle": "React Native in an Existing iOS App: Getting Started"
    },
    {
      "name": "Gyroscope",
      "icon": "gyroscope.png",
      "linkAppStore": "https://itunes.apple.com/app/apple-store/id1104085053?pt=117927205&ct=website&mt=8",
      "linkPlayStore": "https://play.google.com/store/apps/details?id=com.gyroscope.gyroscope",
      "infoLink": "https://blog.gyrosco.pe/building-the-app-1dac1a97d253",
      "infoTitle": "Building a visualization experience with React Native"
    },
    {
      "name": "JD（手机京东）",
      "icon": "jdcom.png",
      "linkAppStore": "https://itunes.apple.com/cn/app/shou-ji-jing-dong-xin-ren/id414245413?mt=8",
      "linkPlayStore": "https://app.jd.com/android.html",
      "infoLink": "https://ir.jd.com/phoenix.zhtml?c=253315&p=irol-homeProfile",
      "infoTitle": "JD.com is China’s largest ecommerce company by revenue and a member of the Fortune Global 500."
    },
    {
      "name": "Tencent QQ",
      "icon": "qq.webp",
      "linkPlayStore": "https://play.google.com/store/apps/details?id=com.tencent.mobileqq&hl=en&gl=US",
      "infoLink": "https://www.tencent.com/en-us/business.html",
      "infoTitle": "QQ is China's largest messaging platform, with over 829 million active accounts",
      "pinned": true
    },
    {
      "name": "Bolt Food: Delivery & Takeaway",
      "icon": "bolt.png",
      "linkAppStore": "https://apps.apple.com/us/app/bolt-food/id1451492388",
      "linkPlayStore": "https://play.google.com/store/apps/details?id=com.bolt.deliveryclient",
      "infoLink": "https://medium.com/bolt-labs/how-we-built-a-react-native-app-in-2-months-aeadf210a764"
    },
    {
      "name": "Mattermost",
      "icon": "mattermost.webp",
      "linkAppStore": "https://apps.apple.com/us/app/mattermost/id1257222717",
      "linkPlayStore": "https://play.google.com/store/apps/details?id=com.mattermost.rn",
      "infoLink": "https://github.com/mattermost/mattermost-mobile",
      "pinned": true
    },
    {
      "name": "Klarna | Shop now. Pay later.",
      "icon": "klarna.jpg",
      "linkAppStore": "https://apps.apple.com/us/app/klarna-shop-now-pay-later/id1115120118",
      "linkPlayStore": "https://play.google.com/store/apps/details?id=com.myklarnamobile"
    },
    {
      "name": "NFL",
      "icon": "nfl.webp",
      "linkAppStore": "https://apps.apple.com/us/app/nfl/id389781154",
      "linkPlayStore": "https://play.google.com/store/apps/details?id=com.gotv.nflgamecenter.us.lite&hl=en_US",
      "pinned": true
    },
    {
      "name": "Brex: The future of spend management",
      "icon": "brex.png",
      "linkAppStore": "https://apps.apple.com/us/app/brex/id1472905508",
      "linkPlayStore": "https://play.google.com/store/apps/details?id=com.brex.mobile&hl=en_US&gl=US"
    }
  ]
}
